id,population,mother,father
W15268-1R,pop1,W6511-1R,VillettaRose
W15268-4R,pop1,W6511-1R,VillettaRose
W15268-5R,pop1,W6511-1R,VillettaRose
W15268-6R,pop1,W6511-1R,VillettaRose
W15268-7R,pop1,W6511-1R,VillettaRose
W15268-8R,pop1,W6511-1R,VillettaRose
W15268-9R,pop1,W6511-1R,VillettaRose
W15268-12R,pop1,W6511-1R,VillettaRose
W15268-13R,pop1,W6511-1R,VillettaRose
W15268-16R,pop1,W6511-1R,VillettaRose
W15268-17R,pop1,W6511-1R,VillettaRose
W15268-18R,pop1,W6511-1R,VillettaRose
W15268-19R,pop1,W6511-1R,VillettaRose
W15268-20R,pop1,W6511-1R,VillettaRose
W15268-21R,pop1,W6511-1R,VillettaRose
W15268-22R,pop1,W6511-1R,VillettaRose
W15268-23R,pop1,W6511-1R,VillettaRose
W15268-24R,pop1,W6511-1R,VillettaRose
W15268-25R,pop1,W6511-1R,VillettaRose
W15268-26R,pop1,W6511-1R,VillettaRose
W15268-27R,pop1,W6511-1R,VillettaRose
W15268-28R,pop1,W6511-1R,VillettaRose
W15268-29R,pop1,W6511-1R,VillettaRose
W15268-30R,pop1,W6511-1R,VillettaRose
W15268-31R,pop1,W6511-1R,VillettaRose
W15268-32R,pop1,W6511-1R,VillettaRose
W15268-33R,pop1,W6511-1R,VillettaRose
W15268-34R,pop1,W6511-1R,VillettaRose
W15268-36R,pop1,W6511-1R,VillettaRose
W15268-41R,pop1,W6511-1R,VillettaRose
W15268-42R,pop1,W6511-1R,VillettaRose
W15268-47R,pop1,W6511-1R,VillettaRose
W15268-48R,pop1,W6511-1R,VillettaRose
W15268-49R,pop1,W6511-1R,VillettaRose
W15268-51R,pop1,W6511-1R,VillettaRose
W15268-52R,pop1,W6511-1R,VillettaRose
W15268-53R,pop1,W6511-1R,VillettaRose
W15268-56R,pop1,W6511-1R,VillettaRose
W15268-57R,pop1,W6511-1R,VillettaRose
W15268-61R,pop1,W6511-1R,VillettaRose
W15268-63R,pop1,W6511-1R,VillettaRose
W15268-65R,pop1,W6511-1R,VillettaRose
W15268-68R,pop1,W6511-1R,VillettaRose
W15268-73R,pop1,W6511-1R,VillettaRose
W15268-74R,pop1,W6511-1R,VillettaRose
W15268-76R,pop1,W6511-1R,VillettaRose
W15268-78R,pop1,W6511-1R,VillettaRose
W15268-79R,pop1,W6511-1R,VillettaRose
W15268-80R,pop1,W6511-1R,VillettaRose
W15268-82R,pop1,W6511-1R,VillettaRose
W15268-83R,pop1,W6511-1R,VillettaRose
W15268-85R,pop1,W6511-1R,VillettaRose
W15268-87R,pop1,W6511-1R,VillettaRose
W15268-88R,pop1,W6511-1R,VillettaRose
W15268-89R,pop1,W6511-1R,VillettaRose
W15268-90R,pop1,W6511-1R,VillettaRose
W15268-91R,pop1,W6511-1R,VillettaRose
W15268-92R,pop1,W6511-1R,VillettaRose
W15268-93R,pop1,W6511-1R,VillettaRose
W15268-95R,pop1,W6511-1R,VillettaRose
W15268-96R,pop1,W6511-1R,VillettaRose
W15268-97R,pop1,W6511-1R,VillettaRose
W15268-99R,pop1,W6511-1R,VillettaRose
W15268-101R,pop1,W6511-1R,VillettaRose
W15268-102R,pop1,W6511-1R,VillettaRose
W15268-103R,pop1,W6511-1R,VillettaRose
W15268-104R,pop1,W6511-1R,VillettaRose
W15268-106R,pop1,W6511-1R,VillettaRose
W15268-107R,pop1,W6511-1R,VillettaRose
W15268-108R,pop1,W6511-1R,VillettaRose
W15268-109R,pop1,W6511-1R,VillettaRose
W15268-110R,pop1,W6511-1R,VillettaRose
W15268-111R,pop1,W6511-1R,VillettaRose
W15268-112R,pop1,W6511-1R,VillettaRose
W15268-114R,pop1,W6511-1R,VillettaRose
W15268-115R,pop1,W6511-1R,VillettaRose
W15268-116R,pop1,W6511-1R,VillettaRose
W15268-117R,pop1,W6511-1R,VillettaRose
W15268-118R,pop1,W6511-1R,VillettaRose
W15268-119R,pop1,W6511-1R,VillettaRose
W15268-121R,pop1,W6511-1R,VillettaRose
W15268-122R,pop1,W6511-1R,VillettaRose
W15268-123R,pop1,W6511-1R,VillettaRose
W15268-124R,pop1,W6511-1R,VillettaRose
W15268-125R,pop1,W6511-1R,VillettaRose
W15268-127R,pop1,W6511-1R,VillettaRose
W15268-129R,pop1,W6511-1R,VillettaRose
W15268-130R,pop1,W6511-1R,VillettaRose
W15268-134R,pop1,W6511-1R,VillettaRose
W15268-136R,pop1,W6511-1R,VillettaRose
W15268-137R,pop1,W6511-1R,VillettaRose
W15268-138R,pop1,W6511-1R,VillettaRose
W15268-139R,pop1,W6511-1R,VillettaRose
W15268-141R,pop1,W6511-1R,VillettaRose
W15268-142R,pop1,W6511-1R,VillettaRose
W15268-146R,pop1,W6511-1R,VillettaRose
W15268-147R,pop1,W6511-1R,VillettaRose
W15268-148R,pop1,W6511-1R,VillettaRose
W15268-151R,pop1,W6511-1R,VillettaRose
W15268-153R,pop1,W6511-1R,VillettaRose
W15268-156R,pop1,W6511-1R,VillettaRose
W15268-158R,pop1,W6511-1R,VillettaRose
W15268-159R,pop1,W6511-1R,VillettaRose
W15268-161R,pop1,W6511-1R,VillettaRose
W15268-162R,pop1,W6511-1R,VillettaRose
W15268-164R,pop1,W6511-1R,VillettaRose
W15268-166R,pop1,W6511-1R,VillettaRose
W15268-171R,pop1,W6511-1R,VillettaRose
W15268-174R,pop1,W6511-1R,VillettaRose
W15268-175R,pop1,W6511-1R,VillettaRose
W15268-176R,pop1,W6511-1R,VillettaRose
W15268-179R,pop1,W6511-1R,VillettaRose
W15268-180R,pop1,W6511-1R,VillettaRose
W15268-181R,pop1,W6511-1R,VillettaRose
W15268-182R,pop1,W6511-1R,VillettaRose
W15268-183R,pop1,W6511-1R,VillettaRose
W15268-184R,pop1,W6511-1R,VillettaRose
W15268-185R,pop1,W6511-1R,VillettaRose
W15268-186R,pop1,W6511-1R,VillettaRose
W15268-187R,pop1,W6511-1R,VillettaRose
W15268-188R,pop1,W6511-1R,VillettaRose
W15268-189R,pop1,W6511-1R,VillettaRose
W15268-190R,pop1,W6511-1R,VillettaRose
W15268-192R,pop1,W6511-1R,VillettaRose
W15268-193R,pop1,W6511-1R,VillettaRose
W15268-195R,pop1,W6511-1R,VillettaRose
W15268-196R,pop1,W6511-1R,VillettaRose
W15268-197R,pop1,W6511-1R,VillettaRose
W15268-198R,pop1,W6511-1R,VillettaRose
W15268-200R,pop1,W6511-1R,VillettaRose
W15268-201R,pop1,W6511-1R,VillettaRose
W15268-203R,pop1,W6511-1R,VillettaRose
W15268-204R,pop1,W6511-1R,VillettaRose
W15268-205R,pop1,W6511-1R,VillettaRose
W15268-207R,pop1,W6511-1R,VillettaRose
W15268-208R,pop1,W6511-1R,VillettaRose
W15268-209R,pop1,W6511-1R,VillettaRose
W15268-210R,pop1,W6511-1R,VillettaRose
W15268-212R,pop1,W6511-1R,VillettaRose
W15268-213R,pop1,W6511-1R,VillettaRose
W15268-214R,pop1,W6511-1R,VillettaRose
W15268-216R,pop1,W6511-1R,VillettaRose
W15268-218R,pop1,W6511-1R,VillettaRose
W15268-220R,pop1,W6511-1R,VillettaRose
W15268-221R,pop1,W6511-1R,VillettaRose
W15268-224R,pop1,W6511-1R,VillettaRose
W15268-225R,pop1,W6511-1R,VillettaRose
W15268-226R,pop1,W6511-1R,VillettaRose
W15268-228R,pop1,W6511-1R,VillettaRose
W15268-229R,pop1,W6511-1R,VillettaRose
W15268-232R,pop1,W6511-1R,VillettaRose
W15268-233R,pop1,W6511-1R,VillettaRose
W15268-235R,pop1,W6511-1R,VillettaRose
W15268-237R,pop1,W6511-1R,VillettaRose
W15268-238R,pop1,W6511-1R,VillettaRose
W15267-81R,pop2,W6511-1R,W9914-1R
W15267-75R,pop2,W6511-1R,W9914-1R
W15267-204R,pop2,W6511-1R,W9914-1R
W15267-212R,pop2,W6511-1R,W9914-1R
W15267-209R,pop2,W6511-1R,W9914-1R
W15267-111R,pop2,W6511-1R,W9914-1R
W15267-110R,pop2,W6511-1R,W9914-1R
W15267-24R,pop2,W6511-1R,W9914-1R
W15267-22R,pop2,W6511-1R,W9914-1R
W15267-21R,pop2,W6511-1R,W9914-1R
W15267-30R,pop2,W6511-1R,W9914-1R
W15267-20R,pop2,W6511-1R,W9914-1R
W15267-19R,pop2,W6511-1R,W9914-1R
W15267-105R,pop2,W6511-1R,W9914-1R
W15267-104R,pop2,W6511-1R,W9914-1R
W15267-17R,pop2,W6511-1R,W9914-1R
W15267-34R,pop2,W6511-1R,W9914-1R
W15267-102R,pop2,W6511-1R,W9914-1R
W15267-35R,pop2,W6511-1R,W9914-1R
W15267-16R,pop2,W6511-1R,W9914-1R
W15267-15R,pop2,W6511-1R,W9914-1R
W15267-101R,pop2,W6511-1R,W9914-1R
W15267-100R,pop2,W6511-1R,W9914-1R
W15267-37R,pop2,W6511-1R,W9914-1R
W15267-13R,pop2,W6511-1R,W9914-1R
W15267-99R,pop2,W6511-1R,W9914-1R
W15267-98R,pop2,W6511-1R,W9914-1R
W15267-12R,pop2,W6511-1R,W9914-1R
W15267-11R,pop2,W6511-1R,W9914-1R
W15267-40R,pop2,W6511-1R,W9914-1R
W15267-97R,pop2,W6511-1R,W9914-1R
W15267-41R,pop2,W6511-1R,W9914-1R
W15267-10R,pop2,W6511-1R,W9914-1R
W15267-95R,pop2,W6511-1R,W9914-1R
W15267-43R,pop2,W6511-1R,W9914-1R
W15267-92R,pop2,W6511-1R,W9914-1R
W15267-45R,pop2,W6511-1R,W9914-1R
W15267-6R,pop2,W6511-1R,W9914-1R
W15267-46R,pop2,W6511-1R,W9914-1R
W15267-90R,pop2,W6511-1R,W9914-1R
W15267-3R,pop2,W6511-1R,W9914-1R
W15267-48R,pop2,W6511-1R,W9914-1R
W15267-89R,pop2,W6511-1R,W9914-1R
W15267-88R,pop2,W6511-1R,W9914-1R
W15267-2R,pop2,W6511-1R,W9914-1R
W15267-50R,pop2,W6511-1R,W9914-1R
W15267-87R,pop2,W6511-1R,W9914-1R
W15267-86R,pop2,W6511-1R,W9914-1R
W15267-51R,pop2,W6511-1R,W9914-1R
W15267-85R,pop2,W6511-1R,W9914-1R
W15267-84R,pop2,W6511-1R,W9914-1R
W15267-53R,pop2,W6511-1R,W9914-1R
W15267-54R,pop2,W6511-1R,W9914-1R
W15267-82R,pop2,W6511-1R,W9914-1R
W15267-55R,pop2,W6511-1R,W9914-1R
W15267-56R,pop2,W6511-1R,W9914-1R
W15267-57R,pop2,W6511-1R,W9914-1R
W15267-79R,pop2,W6511-1R,W9914-1R
W15267-59R,pop2,W6511-1R,W9914-1R
W15267-60R,pop2,W6511-1R,W9914-1R
W15267-77R,pop2,W6511-1R,W9914-1R
W15267-61R,pop2,W6511-1R,W9914-1R
W15267-74R,pop2,W6511-1R,W9914-1R
W15267-73R,pop2,W6511-1R,W9914-1R
W15267-72R,pop2,W6511-1R,W9914-1R
W15267-62R,pop2,W6511-1R,W9914-1R
W15267-71R,pop2,W6511-1R,W9914-1R
W15267-70R,pop2,W6511-1R,W9914-1R
W15267-63R,pop2,W6511-1R,W9914-1R
W15267-65R,pop2,W6511-1R,W9914-1R
W15267-66R,pop2,W6511-1R,W9914-1R
W15267-67R,pop2,W6511-1R,W9914-1R
W15267-201R,pop2,W6511-1R,W9914-1R
W15267-202R,pop2,W6511-1R,W9914-1R
W15267-200R,pop2,W6511-1R,W9914-1R
W15267-113R,pop2,W6511-1R,W9914-1R
W15267-114R,pop2,W6511-1R,W9914-1R
W15267-199R,pop2,W6511-1R,W9914-1R
W15267-205R,pop2,W6511-1R,W9914-1R
W15267-115R,pop2,W6511-1R,W9914-1R
W15267-116R,pop2,W6511-1R,W9914-1R
W15267-197R,pop2,W6511-1R,W9914-1R
W15267-196R,pop2,W6511-1R,W9914-1R
W15267-117R,pop2,W6511-1R,W9914-1R
W15267-195R,pop2,W6511-1R,W9914-1R
W15267-193R,pop2,W6511-1R,W9914-1R
W15267-210R,pop2,W6511-1R,W9914-1R
W15267-192R,pop2,W6511-1R,W9914-1R
W15267-121R,pop2,W6511-1R,W9914-1R
W15267-122R,pop2,W6511-1R,W9914-1R
W15267-213R,pop2,W6511-1R,W9914-1R
W15267-190R,pop2,W6511-1R,W9914-1R
W15267-189R,pop2,W6511-1R,W9914-1R
W15267-214R,pop2,W6511-1R,W9914-1R
W15267-126R,pop2,W6511-1R,W9914-1R
W15267-187R,pop2,W6511-1R,W9914-1R
W15267-216R,pop2,W6511-1R,W9914-1R
W15267-217R,pop2,W6511-1R,W9914-1R
W15267-186R,pop2,W6511-1R,W9914-1R
W15267-127R,pop2,W6511-1R,W9914-1R
W15267-218R,pop2,W6511-1R,W9914-1R
W15267-180R,pop2,W6511-1R,W9914-1R
W15267-129R,pop2,W6511-1R,W9914-1R
W15267-220R,pop2,W6511-1R,W9914-1R
W15267-182R,pop2,W6511-1R,W9914-1R
W15267-131R,pop2,W6511-1R,W9914-1R
W15267-132R,pop2,W6511-1R,W9914-1R
W15267-222R,pop2,W6511-1R,W9914-1R
W15267-133R,pop2,W6511-1R,W9914-1R
W15267-224R,pop2,W6511-1R,W9914-1R
W15267-136R,pop2,W6511-1R,W9914-1R
W15267-177R,pop2,W6511-1R,W9914-1R
W15267-226R,pop2,W6511-1R,W9914-1R
W15267-227R,pop2,W6511-1R,W9914-1R
W15267-176R,pop2,W6511-1R,W9914-1R
W15267-137R,pop2,W6511-1R,W9914-1R
W15267-174R,pop2,W6511-1R,W9914-1R
W15267-139R,pop2,W6511-1R,W9914-1R
W15267-140R,pop2,W6511-1R,W9914-1R
W15267-173R,pop2,W6511-1R,W9914-1R
W15267-172R,pop2,W6511-1R,W9914-1R
W15267-142R,pop2,W6511-1R,W9914-1R
W15267-171R,pop2,W6511-1R,W9914-1R
W15267-170R,pop2,W6511-1R,W9914-1R
W15267-143R,pop2,W6511-1R,W9914-1R
W15267-145R,pop2,W6511-1R,W9914-1R
W15267-146R,pop2,W6511-1R,W9914-1R
W15267-147R,pop2,W6511-1R,W9914-1R
W15267-148R,pop2,W6511-1R,W9914-1R
W15267-165R,pop2,W6511-1R,W9914-1R
W15267-164R,pop2,W6511-1R,W9914-1R
W15267-149R,pop2,W6511-1R,W9914-1R
W15267-150R,pop2,W6511-1R,W9914-1R
W15267-163R,pop2,W6511-1R,W9914-1R
W15267-162R,pop2,W6511-1R,W9914-1R
W15267-161R,pop2,W6511-1R,W9914-1R
W15267-160R,pop2,W6511-1R,W9914-1R
W15267-153R,pop2,W6511-1R,W9914-1R
W15267-154R,pop2,W6511-1R,W9914-1R
W15267-159R,pop2,W6511-1R,W9914-1R
W15267-155R,pop2,W6511-1R,W9914-1R
W15267-157R,pop2,W6511-1R,W9914-1R
W15267-26R,pop2,W6511-1R,W9914-1R
W15267-31R,pop2,W6511-1R,W9914-1R
W15267-32R,pop2,W6511-1R,W9914-1R
W15267-7R,pop2,W6511-1R,W9914-1R
W15267-93R,pop2,W6511-1R,W9914-1R
W15263-56R,pop3,VillettaRose,W9914-1R
W15263-64R,pop3,VillettaRose,W9914-1R
W15263-70R,pop3,VillettaRose,W9914-1R
W15263-76R,pop3,VillettaRose,W9914-1R
W15263-50R,pop3,VillettaRose,W9914-1R
W15263-55R,pop3,VillettaRose,W9914-1R
W15263-42R,pop3,VillettaRose,W9914-1R
W15263-46R,pop3,VillettaRose,W9914-1R
W15263-60R,pop3,VillettaRose,W9914-1R
W15263-45R,pop3,VillettaRose,W9914-1R
W15263-44R,pop3,VillettaRose,W9914-1R
W15263-43R,pop3,VillettaRose,W9914-1R
W15263-63R,pop3,VillettaRose,W9914-1R
W15263-41R,pop3,VillettaRose,W9914-1R
W15263-65R,pop3,VillettaRose,W9914-1R
W15263-39R,pop3,VillettaRose,W9914-1R
W15263-38R,pop3,VillettaRose,W9914-1R
W15263-36R,pop3,VillettaRose,W9914-1R
W15263-34R,pop3,VillettaRose,W9914-1R
W15263-71R,pop3,VillettaRose,W9914-1R
W15263-31R,pop3,VillettaRose,W9914-1R
W15263-75R,pop3,VillettaRose,W9914-1R
W15263-29R,pop3,VillettaRose,W9914-1R
W15263-78R,pop3,VillettaRose,W9914-1R
W15263-80R,pop3,VillettaRose,W9914-1R
W15263-25R,pop3,VillettaRose,W9914-1R
W15263-81R,pop3,VillettaRose,W9914-1R
W15263-82R,pop3,VillettaRose,W9914-1R
W15263-12R,pop3,VillettaRose,W9914-1R
W15263-84R,pop3,VillettaRose,W9914-1R
W15263-85R,pop3,VillettaRose,W9914-1R
W15263-86R,pop3,VillettaRose,W9914-1R
W15263-19R,pop3,VillettaRose,W9914-1R
W15263-18R,pop3,VillettaRose,W9914-1R
W15263-87R,pop3,VillettaRose,W9914-1R
W15263-16R,pop3,VillettaRose,W9914-1R
W15263-1R,pop3,VillettaRose,W9914-1R
W15263-2R,pop3,VillettaRose,W9914-1R
W15263-11R,pop3,VillettaRose,W9914-1R
W15263-5R,pop3,VillettaRose,W9914-1R
W15263-10R,pop3,VillettaRose,W9914-1R
W15263-7R,pop3,VillettaRose,W9914-1R
W15263-8R,pop3,VillettaRose,W9914-1R
W15277B-39R,pop3,VillettaRose,W9914-1R
W15277B-19R,pop3,VillettaRose,W9914-1R
W15277B-20R,pop3,VillettaRose,W9914-1R
W15277B-18R,pop3,VillettaRose,W9914-1R
W15277B-17R,pop3,VillettaRose,W9914-1R
W15277B-22R,pop3,VillettaRose,W9914-1R
W15277B-16R,pop3,VillettaRose,W9914-1R
W15277B-15R,pop3,VillettaRose,W9914-1R
W15277B-14R,pop3,VillettaRose,W9914-1R
W15277B-13R,pop3,VillettaRose,W9914-1R
W15277B-12R,pop3,VillettaRose,W9914-1R
W15277B-11R,pop3,VillettaRose,W9914-1R
W15277B-29R,pop3,VillettaRose,W9914-1R
W15277B-10R,pop3,VillettaRose,W9914-1R
W15277B-9R,pop3,VillettaRose,W9914-1R
W15277B-30R,pop3,VillettaRose,W9914-1R
W15277B-31R,pop3,VillettaRose,W9914-1R
W15277B-8R,pop3,VillettaRose,W9914-1R
W15277B-32R,pop3,VillettaRose,W9914-1R
W15277B-33R,pop3,VillettaRose,W9914-1R
W15277B-6R,pop3,VillettaRose,W9914-1R
W15277B-5R,pop3,VillettaRose,W9914-1R
W15277B-36R,pop3,VillettaRose,W9914-1R
W15277B-37R,pop3,VillettaRose,W9914-1R
W15277B-2R,pop3,VillettaRose,W9914-1R
W15277B-1R,pop3,VillettaRose,W9914-1R
W15277-34R,pop3,VillettaRose,W9914-1R
W15277B-40R,pop3,VillettaRose,W9914-1R
W15277B-41R,pop3,VillettaRose,W9914-1R
W15277-32R,pop3,VillettaRose,W9914-1R
W15277-31R,pop3,VillettaRose,W9914-1R
W15277B-42R,pop3,VillettaRose,W9914-1R
W15277B-43R,pop3,VillettaRose,W9914-1R
W15277-30R,pop3,VillettaRose,W9914-1R
W15277-29R,pop3,VillettaRose,W9914-1R
W15277B-44R,pop3,VillettaRose,W9914-1R
W15277B-47R,pop3,VillettaRose,W9914-1R
W15277-26R,pop3,VillettaRose,W9914-1R
W15277-25R,pop3,VillettaRose,W9914-1R
W15277B-48R,pop3,VillettaRose,W9914-1R
W15277B-49R,pop3,VillettaRose,W9914-1R
W15277-24R,pop3,VillettaRose,W9914-1R
W15277-23R,pop3,VillettaRose,W9914-1R
W15277B-50R,pop3,VillettaRose,W9914-1R
W15277B-51R,pop3,VillettaRose,W9914-1R
W15277-3R,pop3,VillettaRose,W9914-1R
W15277-21R,pop3,VillettaRose,W9914-1R
W15277B-52R,pop3,VillettaRose,W9914-1R
W15277B-53R,pop3,VillettaRose,W9914-1R
W15277-20R,pop3,VillettaRose,W9914-1R
W15277-19R,pop3,VillettaRose,W9914-1R
W15277B-54R,pop3,VillettaRose,W9914-1R
W15277B-56R,pop3,VillettaRose,W9914-1R
W15277B-57R,pop3,VillettaRose,W9914-1R
W15277-1R,pop3,VillettaRose,W9914-1R
W15277-2R,pop3,VillettaRose,W9914-1R
W15277-15R,pop3,VillettaRose,W9914-1R
W15277B-58R,pop3,VillettaRose,W9914-1R
W15277B-59R,pop3,VillettaRose,W9914-1R
W15277-14R,pop3,VillettaRose,W9914-1R
W15277-4R,pop3,VillettaRose,W9914-1R
W15277-13R,pop3,VillettaRose,W9914-1R
W15277B-60R,pop3,VillettaRose,W9914-1R
W15277B-61R,pop3,VillettaRose,W9914-1R
W15277-12R,pop3,VillettaRose,W9914-1R
W15277-11R,pop3,VillettaRose,W9914-1R
W15277B-62R,pop3,VillettaRose,W9914-1R
W15277-7R,pop3,VillettaRose,W9914-1R
W15277-9R,pop3,VillettaRose,W9914-1R
W15277B-38R,pop3,VillettaRose,W9914-1R